{"intents": [
        {"tag": "greeting",
         "patterns": ["Hi", "How are you", "Is anyone there?", "Hello", "Good day", "Whats up"],
         "responses": ["Hello!", "Good to see you again!", "Hi there, how can I help?"],
         "context_set": ""
        },
        {"tag": "goodbye",
         "patterns": ["cya", "See you later", "Goodbye", "I am Leaving", "Have a Good day"],
         "responses": ["Sad to see you go :(", "Talk to you later", "Goodbye!", "Audios amigo!"],
         "context_set": ""
        },
        {"tag": "age",
         "patterns": ["how old", "how old is RoboNerd?", "what is your age", "how old are you", "age?"],
         "responses": ["I am eternal!", "I have no age!"],
         "context_set": ""
        },
        {"tag": "name",
         "patterns": ["what is your name", "what should I call you", "whats your name?"],
         "responses": ["You can call me RoboNerd.", "I'm RoboNerd!", "RoboNerd at your service"],
         "context_set": ""
        },
        {"tag": "shop",
         "patterns": ["Id like to buy something", "whats on the menu", "what do you recommend?", "could i get something to eat", "how much?"],
         "responses": ["We sell donuts for $2!", "Donuts are on the menu!"],
         "context_set": ""
        },
        {"tag": "hours",
         "patterns": ["when are you guys open", "what are your hours", "hours of operation", "hours"],
         "responses": ["We are open 7am-4pm Monday-Friday!"],
         "context_set": ""
        }
   ]
}